19,模块,2021-5-29 14:17:26
10,并发编程,2021-5-29 14:17:26
20,猫眼,2021-5-29 14:17:26
26,html学习,2021-5-29 14:17:26
27,numpy学习,2021-5-29 14:17:26
4,os模块的学习,2021-5-29 14:17:26
30,网络编程(书),2021-5-29 14:17:26
17,数据挖掘,2021-5-29 14:17:26
16,css学习,2021-5-29 14:17:26
8,高级变量类型,2021-5-29 14:17:26
31,文件,2021-5-29 14:17:26
35,GUI编程,2021-5-29 14:17:26
15,python基础,2021-5-29 14:17:26
22,函数,2021-5-29 14:17:26
6,异常,2021-5-29 14:17:26
32,高阶函数,2021-5-29 14:17:26
14,数据库编程,2021-5-29 14:17:26
11,数学建模,2021-5-29 14:17:26
33,正则表达式,2021-5-29 14:17:26
25,js学习,2021-5-29 14:17:26
5,flask基础,2021-5-29 14:17:26
23,Web开发编程,2021-5-29 14:17:26
1,pyecharts学习,2021-5-29 14:17:26
9,总结,2021-5-29 14:17:26
3,语法进阶,2021-5-29 14:17:26
34,面向对象,2021-5-29 14:17:26
29,网络编程,2021-5-29 14:17:26
12,爬虫学习,2021-5-29 14:17:26
18,测试,2021-5-29 14:17:26
24,大数据,2021-5-29 14:17:26
2,面向对象的特性,2021-5-29 14:17:26
7,matplotlib学习,2021-5-29 14:17:26
13,数据结构,2021-5-29 14:17:26
28,算法,2021-5-29 14:17:26
21,感想,2021-5-29 14:17:26
